Models,test,trial,interaction,p_M,p_M_givenData,BF_M,BF_10,interpret
Null Model,0,0,0,0.2,0.03263428081319034,0.1349408198612764,1.0126234861379841,anecdotal evidence in favour of
test model,1,0,0,0.2,0.7945725998516887,15.471599198121293,24.361566184691053,strong evidence in favour of
trial model,0,1,0,0.2,0.00694181938394073,0.027961380388143074,0.21965717163123616,moderate evidence against
test + trial,1,1,0,0.2,0.12086152690324081,0.5499089420009429,3.7174397630534135,moderate evidence in favour of
test * trial,1,1,1,0.2,0.04498977304791283,0.1884368220495296,1.4645667435219818,anecdotal evidence in favour of
