Models,test,trial,interaction,p_M,p_M_givenData,BF_M,BF_10,interpret
Null Model,0,0,0,0.2,0.544499756561427,4.781554033438018,0.9302555310810959,anecdotal evidence against
test model,1,0,0,0.2,0.3153752257666617,1.8426164967215954,0.5987557038519548,anecdotal evidence against
trial model,0,1,0,0.2,0.0782283051207999,0.3394693308783011,0.153447327093369,moderate evidence against
test + trial,1,1,0,0.2,0.04671143802336825,0.19600125244978364,0.08803305202946414,strong evidence against
test * trial,1,1,1,0.2,0.015185274527745088,0.06167769077767674,0.027251244376804113,very strong evidence against
