Models,test,trial,interaction,p_M,p_M_givenData,BF_M,BF_10,interpret
Null Model,0,0,0,0.2,0.6514537381333695,7.476238415463426,0.9611845726153565,anecdotal evidence against
test model,1,0,0,0.2,0.17926261214277353,0.873666119248159,0.2674840186826244,moderate evidence against
trial model,0,1,0,0.2,0.1271985042732859,0.5829435668754329,0.1987651332764135,moderate evidence against
test + trial,1,1,0,0.2,0.0342657766331665,0.14192632218709586,0.05101863863557525,strong evidence against
test * trial,1,1,1,0.2,0.007819368817416456,0.03152397283989115,0.011475719700783003,very strong evidence against
