Models,test,trial,interaction,p_M,p_M_givenData,BF_M,BF_10,interpret
Null Model,0,0,0,0.2,0.23676135577137683,1.2408247803577226,1.0000394279679616,anecdotal evidence in favour of
test model,1,0,0,0.2,0.5904941760120972,5.767870847468494,2.473119443060438,anecdotal evidence in favour of
trial model,0,1,0,0.2,0.039328133369239855,0.1637526182885747,0.17269189392409867,moderate evidence against
test + trial,1,1,0,0.2,0.09462585844328203,0.4180630044528574,0.39493428276911857,anecdotal evidence against
test * trial,1,1,1,0.2,0.03879047640400986,0.16142360412281576,0.16161919635260988,moderate evidence against
